{
  "n_cub200_train": 5994,
  "n_cub200_classes": 200,
  "n_youtube_test": 1129,
  "n_fallback": 230,
  "n_real_detection": 899,
  "methods": {
    "mahalanobis": {
      "time_sec": 42.65227675437927,
      "threshold_p90": 15.873549987808206,
      "evaluation_p90": {
        "n_total": 1129,
        "n_id": 1016,
        "n_ood": 113,
        "ood_ratio": 0.10008857395925598,
        "ood_fallback_rate": 0.02654867256637168,
        "ood_yolo_mean": 0.6475486173830202,
        "id_fallback_rate": 0.2234251968503937,
        "id_yolo_mean": 0.43283960581793796
      },
      "separation_fb_minus_det": -1.2426779832403678,
      "score_stats": {
        "mean": 13.367605040172624,
        "std": 1.9611686244895257,
        "min": 5.625481449611253,
        "max": 18.270312957458394,
        "percentiles": {
          "10": 10.74342884310713,
          "25": 12.084852110921368,
          "50": 13.467949228169314,
          "75": 14.71892921298819,
          "90": 15.873549987808206,
          "95": 16.459912570551783,
          "99": 17.618528771444463
        }
      }
    },
    "knn": {
      "time_sec": 0.08056330680847168,
      "threshold_p90": 0.6080405712127686,
      "evaluation_p90": {
        "n_total": 1129,
        "n_id": 1016,
        "n_ood": 113,
        "ood_ratio": 0.10008857395925598,
        "ood_fallback_rate": 0.5663716814159292,
        "ood_yolo_mean": 0.13173181952628416,
        "id_fallback_rate": 0.16338582677165353,
        "id_yolo_mean": 0.4902089937685395
      },
      "separation_fb_minus_det": 0.08321017026901245,
      "score_stats": {
        "mean": 0.520443856716156,
        "std": 0.08653247356414795,
        "min": 0.31892305612564087,
        "max": 0.8902082443237305,
        "percentiles": {
          "10": 0.43020451068878174,
          "25": 0.468269020318985,
          "50": 0.5116025805473328,
          "75": 0.5543040633201599,
          "90": 0.6080405712127686,
          "95": 0.718845009803772,
          "99": 0.8057783246040344
        }
      }
    },
    "cosine": {
      "time_sec": 0.005004405975341797,
      "threshold_p90": 0.710214376449585,
      "evaluation_p90": {
        "n_total": 1129,
        "n_id": 1016,
        "n_ood": 113,
        "ood_ratio": 0.10008857395925598,
        "ood_fallback_rate": 0.6548672566371682,
        "ood_yolo_mean": 0.09386000089940771,
        "id_fallback_rate": 0.15354330708661418,
        "id_yolo_mean": 0.4944211153284185
      },
      "separation_fb_minus_det": 0.13382422924041748,
      "score_stats": {
        "mean": 0.5581719279289246,
        "std": 0.11222362518310547,
        "min": 0.30571913719177246,
        "max": 0.9444183707237244,
        "percentiles": {
          "10": 0.4326338469982147,
          "25": 0.48182785511016846,
          "50": 0.5451273322105408,
          "75": 0.6131493449211121,
          "90": 0.710214376449585,
          "95": 0.7838586568832397,
          "99": 0.889373779296875
        }
      }
    },
    "energy": {
      "time_sec": 1.23630952835083,
      "threshold_p90": -7.572984327937428,
      "evaluation_p90": {
        "n_total": 1129,
        "n_id": 1016,
        "n_ood": 113,
        "ood_ratio": 0.10008857395925598,
        "ood_fallback_rate": 0.6017699115044248,
        "ood_yolo_mean": 0.1355098220890602,
        "id_fallback_rate": 0.1594488188976378,
        "id_yolo_mean": 0.48978880253862445
      },
      "separation_fb_minus_det": 1.0787746416078772,
      "score_stats": {
        "mean": -8.869857461072865,
        "std": 1.0360329433116708,
        "min": -12.683461797356847,
        "max": -6.603604168829225,
        "percentiles": {
          "10": -10.221792357355376,
          "25": -9.586989636022064,
          "50": -8.80363894882282,
          "75": -8.154044136390983,
          "90": -7.572984327937428,
          "95": -7.092975111502267,
          "99": -6.723314054536654
        }
      }
    }
  }
}