{
  "kNN": {
    "top1_acc": 0.8510528132550915,
    "top5_acc": 0.9490852606144288,
    "macro_f1": 0.8499163008905186,
    "time_sec": 0.6441724300384521
  },
  "LogisticRegression": {
    "top1_acc": 0.8731446323783224,
    "top5_acc": 0.9768726268553676,
    "macro_f1": 0.8730155321492663,
    "time_sec": 2.08958101272583
  },
  "MLP": {
    "top1_acc": 0.8660683465654125,
    "top5_acc": 0.9710044874007594,
    "macro_f1": 0.864719109574734,
    "time_sec": 16.356609106063843
  }
}