{
  "評価日時": "2026-04-20T11:11:03.360593+00:00",
  "データソース": "TIGER-Lab/MMLU-Pro (HuggingFace) + TIGER-AI-Lab/MMLU-Pro eval_results (GitHub)",
  "問題数": 10483,
  "モデル数": 6,
  "単独モデル正解率": {
    "Claude-3.5-Sonnet": 0.7929981875417342,
    "GPT-4o": 0.7668606314986168,
    "Gemini-1.5-Flash": 0.6669846418010111,
    "Llama-3.1-70B-Instruct": 0.6572546026900696,
    "Llama-3.1-8B-Instruct": 0.46780501764761995,
    "Mixtral-8x7B-Instruct": 0.47925212248402177
  },
  "最良単独モデル": "Claude-3.5-Sonnet",
  "最良単独モデル正解率": 0.7929981875417342,
  "単純多数決正解率": 0.7536010683964514,
  "変種": {
    "V1_weight_only": {
      "d": -0.340341219185296,
      "p": 0.15433763367632244,
      "ci_low": -0.0010163415119953906,
      "ci_high": 0.00011908983724131383,
      "mean_fixed_f1": 0.7662178361320826,
      "mean_adapt_f1": 0.765780758633061,
      "delta_f1": -0.00043707749902155424,
      "mean_accuracy": 0.771123476417594
    },
    "V2_gate_only": {
      "d": -2.8555322209821825,
      "p": 1.3935898360031626e-10,
      "ci_low": -0.004430320555742188,
      "ci_high": -0.003261292815864559,
      "mean_fixed_f1": 0.7662178361320826,
      "mean_adapt_f1": 0.7623759502388141,
      "delta_f1": -0.003841885893268504,
      "mean_accuracy": 0.7690143084260731
    },
    "V3_both_gt": {
      "d": 0.3113519757700644,
      "p": 0.19063748847001213,
      "ci_low": -0.00015823775070012726,
      "ci_high": 0.0009286050577905257,
      "mean_fixed_f1": 0.7662178361320826,
      "mean_adapt_f1": 0.766598775037809,
      "delta_f1": 0.00038093890572643563,
      "mean_accuracy": 0.7726073131955484
    },
    "V4_cagl": {
      "d": 0.6116982868967188,
      "p": 0.01525628045276788,
      "ci_low": 0.0003039745229832191,
      "ci_high": 0.001582011251542752,
      "mean_fixed_f1": 0.7662178361320826,
      "mean_adapt_f1": 0.7671240748437157,
      "delta_f1": 0.0009062387116330894,
      "mean_accuracy": 0.7727450980392158
    }
  },
  "判定": {
    "v4_best_delta_f1": true,
    "v3_collapse": false
  },
  "Weight診断": {
    "mean_weights": [
      [
        0.8150751134773226,
        0.8723239807310772,
        0.8494760855018291,
        0.81142393327053,
        0.8974363524920064,
        0.8939354008879086,
        0.8837635714569707,
        0.8798698404819707,
        0.8732716057398158,
        0.9342627836144348
      ],
      [
        0.8109558754013966,
        0.8829653017480629,
        0.8552568294587735,
        0.7984635348120133,
        0.8918816135511343,
        0.862138296494464,
        0.8899435537450836,
        0.8948320057845927,
        0.8492848014779124,
        0.9423723808196091
      ],
      [
        0.7634842174005689,
        0.8387451824075824,
        0.7291693188564807,
        0.7535505710184109,
        0.8278416890166463,
        0.8396184326299838,
        0.8147680906880265,
        0.8408714257506762,
        0.7299554226521955,
        0.906654816392486
      ],
      [
        0.7325216921486023,
        0.8509057911391693,
        0.7635660656712571,
        0.796049935166609,
        0.79730195799105,
        0.8475166553051606,
        0.823486432519853,
        0.839011010540605,
        0.7974083924650402,
        0.8416360871478004
      ],
      [
        0.6911854614005905,
        0.7332583535997351,
        0.6895598086990848,
        0.6806326484990823,
        0.7527398854623336,
        0.7451742576558632,
        0.703793039642248,
        0.7877961452381268,
        0.7560670324631201,
        0.8192850945484711
      ],
      [
        0.6491399345905481,
        0.6953550387215106,
        0.6534372456216178,
        0.7208205127346774,
        0.6680107173545609,
        0.7968222489232835,
        0.7378737872416975,
        0.7638792210408331,
        0.7563063947179384,
        0.8602296800023981
      ]
    ],
    "mean_gates": [
      [
        0.8729999119782728,
        0.9314727839674182,
        0.8742427191843761,
        0.8978695925564495,
        0.9341875447368088,
        0.9678751382057135,
        0.937946186670831,
        0.9450725285200633,
        0.9437891135168719,
        0.9608546090992304
      ],
      [
        0.8796837318381886,
        0.9387758816101508,
        0.8790333432285197,
        0.8797554697242264,
        0.8730714329213413,
        0.9106799994786275,
        0.9463284685430642,
        0.9352666717793449,
        0.9101566804430297,
        0.9443461720450076
      ],
      [
        0.875144095624423,
        0.861669209340068,
        0.7842476675819595,
        0.8841124829947802,
        0.9306757283764864,
        0.8827484813820655,
        0.9028766440942867,
        0.9055423224321979,
        0.8525625946838957,
        0.9012676524440465
      ],
      [
        0.7873738533846815,
        0.8974354495021805,
        0.8445440877114286,
        0.8841114250554257,
        0.9072848893347935,
        0.8896114594456911,
        0.8880291906551683,
        0.8854221533329877,
        0.8879793546576022,
        0.8879555119572288
      ],
      [
        0.7569497844816088,
        0.7561698400838518,
        0.7053040608670229,
        0.7475397776940312,
        0.8242692463315155,
        0.8033559402127304,
        0.7249119205392011,
        0.8468229806989699,
        0.8456862371442515,
        0.8514921591790403
      ],
      [
        0.6892985684887754,
        0.7107096261256542,
        0.6824427001328937,
        0.7710753350031175,
        0.7289917645025383,
        0.8660937484152704,
        0.7937061768058876,
        0.8416272784727923,
        0.8350188878815142,
        0.8607214238569749
      ]
    ],
    "weight_std_per_label": [
      0.0603234445428946,
      0.07154242754621987,
      0.07560524885915607,
      0.04707992931693216,
      0.07975645418885464,
      0.04797847943677204,
      0.06893474903991703,
      0.046417975588945434,
      0.0521423602764486,
      0.04653786771218388
    ],
    "gate_std_per_label": [
      0.07183698866471533,
      0.08670717564695224,
      0.07812995810147162,
      0.06058172123407146,
      0.07199377887153634,
      0.04926015955228398,
      0.08021380189895809,
      0.039757000003595076,
      0.0387122741935646,
      0.040218191211440865
    ],
    "n_labels_below_std_threshold": 4,
    "std_threshold": 0.05
  },
  "カテゴリ別": {
    "biology": {
      "n": 685,
      "best_single_acc": 0.8934306569343066,
      "v4_cagl_acc": 0.8934306569343066
    },
    "business": {
      "n": 673,
      "best_single_acc": 0.836552748885587,
      "v4_cagl_acc": 0.8380386329866271
    },
    "chemistry": {
      "n": 767,
      "best_single_acc": 0.8396349413298566,
      "v4_cagl_acc": 0.8109517601043025
    },
    "computer science": {
      "n": 342,
      "best_single_acc": 0.8333333333333334,
      "v4_cagl_acc": 0.8128654970760234
    },
    "economics": {
      "n": 796,
      "best_single_acc": 0.8655778894472361,
      "v4_cagl_acc": 0.8505025125628141
    },
    "engineering": {
      "n": 800,
      "best_single_acc": 0.6275,
      "v4_cagl_acc": 0.61
    },
    "health": {
      "n": 795,
      "best_single_acc": 0.7710691823899372,
      "v4_cagl_acc": 0.7459119496855345
    },
    "history": {
      "n": 367,
      "best_single_acc": 0.7384196185286104,
      "v4_cagl_acc": 0.7002724795640327
    },
    "law": {
      "n": 1071,
      "best_single_acc": 0.6442577030812325,
      "v4_cagl_acc": 0.5779645191409897
    },
    "math": {
      "n": 972,
      "best_single_acc": 0.8672839506172839,
      "v4_cagl_acc": 0.8662551440329218
    },
    "other": {
      "n": 894,
      "best_single_acc": 0.8087248322147651,
      "v4_cagl_acc": 0.7796420581655481
    },
    "philosophy": {
      "n": 445,
      "best_single_acc": 0.7842696629213484,
      "v4_cagl_acc": 0.7213483146067415
    },
    "physics": {
      "n": 1085,
      "best_single_acc": 0.7926267281105991,
      "v4_cagl_acc": 0.808294930875576
    },
    "psychology": {
      "n": 791,