{
  "評価日時": "2026-04-20T13:06:22.002305+00:00",
  "データソース": "TIGER-Lab/MMLU-Pro (HuggingFace) + ローカル Ollama",
  "問題数": 485,
  "モデル数": 5,
  "単独モデル正解率": {
    "llama3.1:8b": 0.3711340206185567,
    "gemma2:9b": 0.4350515463917526,
    "mistral:7b": 0.30515463917525776,
    "qwen2.5:7b": 0.42061855670103093,
    "phi3:latest": 0.38144329896907214
  },
  "最良単独モデル": "gemma2:9b",
  "単純多数決正解率": 0.422680412371134,
  "変種": {
    "V1_weight_only": {
      "d": -0.3449839488312659,
      "p": 0.1490867501249229,
      "ci_low": -0.002946870703564394,
      "ci_high": 0.0002585887155667969,
      "mean_fixed_f1": 0.43140756571288363,
      "mean_adapt_f1": 0.43014900501891706,
      "delta_f1": -0.0012585606939665706,
      "mean_accuracy": 0.436896551724138
    },
    "V2_gate_only": {
      "d": -0.4137841489623491,
      "p": 0.08716793626533492,
      "ci_low": -0.002321723532665323,
      "ci_high": 3.069681799074603e-06,
      "mean_fixed_f1": 0.43140756571288363,
      "mean_adapt_f1": 0.4303254437607532,
      "delta_f1": -0.0010821219521304215,
      "mean_accuracy": 0.44045977011494253
    },
    "V3_both_gt": {
      "d": -0.5721894458287016,
      "p": 0.022011653104302205,
      "ci_low": -0.006230966734202663,
      "ci_high": -0.0008359557196112721,
      "mean_fixed_f1": 0.43140756571288363,
      "mean_adapt_f1": 0.4278994535467911,
      "delta_f1": -0.0035081121660925363,
      "mean_accuracy": 0.437471264367816
    },
    "V4_cagl": {
      "d": -0.4237252110007303,
      "p": 0.08038504364617521,
      "ci_low": -0.004793796893707033,
      "ci_high": 0.00010148408805377959,
      "mean_fixed_f1": 0.43140756571288363,
      "mean_adapt_f1": 0.42907664232531106,
      "delta_f1": -0.00233092338757257,
      "mean_accuracy": 0.4389655172413794
    }
  },
  "判定": {
    "v4_best_delta_f1": false,
    "v3_collapse": true
  },
  "Weight診断": {
    "mean_weights": [
      [
        0.6199641406147937,
        0.5891772166691507,
        0.5746094555179763,
        0.7298906944274715,
        0.5951569921557587,
        0.728318370140289,
        0.739756259350606,
        0.7934856067955902,
        0.8290528323417072,
        0.8606558008480996
      ],
      [
        0.6120741404910356,
        0.6786579944066954,
        0.613092661487822,
        0.7286552189344125,
        0.681617728419309,
        0.7910714458641318,
        0.7379124308779672,
        0.7988115346924841,
        0.789949149814144,
        0.8306105202057361
      ],
      [
        0.5380617062745651,
        0.6343808882631791,
        0.7191780244361465,
        0.6481296019275609,
        0.6100132815498803,
        0.7683129594376783,
        0.5877261409553627,
        0.6992519601979568,
        0.7199917758316954,
        0.7586924164365975
      ],
      [
        0.6151161129246552,
        0.6625611168229003,
        0.7314429996436695,
        0.6622871527937526,
        0.6899137849474467,
        0.7787717768488638,
        0.6779617976824927,
        0.8430749995836662,
        0.8040481059702491,
        0.8061655045153839
      ],
      [
        0.6594839172861412,
        0.5399032809786914,
        0.6704666057689376,
        0.5375145878074109,
        0.6238668971540242,
        0.8212893539563819,
        0.698745128690244,
        0.8877235004452293,
        0.8010974709290359,
        0.8432352883361315
      ]
    ],
    "mean_gates": [
      [
        0.7869373334331791,
        0.6745350773090191,
        0.6160383210288177,
        0.8205389874823522,
        0.7341293650189005,
        0.8626391116392641,
        0.8978105366115118,
        0.8900832117133657,
        0.9529049478616036,
        0.9612496055201689
      ],
      [
        0.8272406532015332,
        0.7636713271972204,
        0.6924734123918661,
        0.862570345562078,
        0.8874202755585614,
        0.8729227725420277,
        0.9328314720073461,
        0.8350243076853507,
        0.8991325386262474,
        0.9135438521722348
      ],
      [
        0.6510418358809205,
        0.721279874415929,
        0.8058767255006505,
        0.7974770887674335,
        0.8020104526787692,
        0.8925129508132562,
        0.6952889766831198,
        0.8132271722717247,
        0.8249296826943485,
        0.851260989535031
      ],
      [
        0.7009426627116321,
        0.7657591248666406,
        0.8401472368063029,
        0.7867070068845765,
        0.8108127408857116,
        0.9481347646915085,
        0.8709488809913092,
        0.9521635691547274,
        0.9612401758993128,
        0.9188083503684688
      ],
      [
        0.7871135569651371,
        0.6644887290497509,
        0.804999729396019,
        0.6408447393802297,
        0.7894713092634972,
        0.8772908757329707,
        0.8795197091864552,
        0.9198329948277392,
        0.9575518174842536,
        0.9605115941106078
      ]
    ],
    "weight_std_per_label": [
      0.03936475321865396,
      0.05063628319655539,
      0.060319287419285696,
      0.07034013207835256,
      0.03845447232657786,
      0.0303530215292104,
      0.055570041866441926,
      0.06268173952847528,
      0.03671487822153001,
      0.035370289603339995
    ],
    "gate_std_per_label": [
      0.06466080005059005,
      0.042732196756875514,
      0.0842740266491149,
      0.07505017607933664,
      0.04919216830077783,
      0.030282955176368878,
      0.08276869242639937,
      0.051683644998957196,
      0.05227589489373738,
      0.04026188229338161
    ],
    "n_labels_below_std_threshold": 5,
    "std_threshold": 0.05
  },
  "カテゴリ別": {
    "biology": {
      "n": 36,
      "best_single_acc": 0.6944444444444444,
      "v4_cagl_acc": 0.7222222222222222
    },
    "business": {
      "n": 37,
      "best_single_acc": 0.3783783783783784,
      "v4_cagl_acc": 0.2972972972972973
    },
    "chemistry": {
      "n": 33,
      "best_single_acc": 0.36363636363636365,
      "v4_cagl_acc": 0.3939393939393939
    },
    "computer science": {
      "n": 35,
      "best_single_acc": 0.34285714285714286,
      "v4_cagl_acc": 0.37142857142857144
    },
    "economics": {
      "n": 34,
      "best_single_acc": 0.6176470588235294,
      "v4_cagl_acc": 0.5588235294117647
    },
    "engineering": {
      "n": 32,
      "best_single_acc": 0.28125,
      "v4_cagl_acc": 0.21875
    },
    "health": {
      "n": 35,
      "best_single_acc": 0.42857142857142855,
      "v4_cagl_acc": 0.5142857142857142
    },
    "history": {
      "n": 35,
      "best_single_acc": 0.45714285714285713,
      "v4_cagl_acc": 0.4857142857142857
    },
    "law": {
      "n": 35,
      "best_single_acc": 0.2571428571428571,
      "v4_cagl_acc": 0.3142857142857143
    },
    "math": {
      "n": 31,
      "best_single_acc": 0.25806451612903225,
      "v4_cagl_acc": 0.25806451612903225
    },
    "other": {
      "n": 36,
      "best_single_acc": 0.5,
      "v4_cagl_acc": 0.4722222222222222
    },
    "philosophy": {
      "n": 35,
      "best_single_acc": 0.6,
      "v4_cagl_acc": 0.5714285714285714
    },
    "physics": {
      "n": 35,
      "best_single_acc": 0.22857142857142856,
      "v4_cagl_acc": 0.2571428571428571
    },
    "psychology": {
      "n": 36,
      "best_single_acc": 0.6388888888888888,
      "v4_cagl_acc": 0.6944444444444444
    }
  },
  "キャッシュ版との比較": {
    "v4_d": 0.6116982868967188,
    "v4_delta_f1": 0.0009062387116330894,
    "v4_best": true,
    "v3_collapse": false
  }
}