{
  "evaluated_at": "2026-04-20T10:23:47.026674+00:00",
  "data_manifest_hash": "sha256:598485d68e399ba3ecae7e45bef0450013235e233e4958e9e98977d44a90368d",
  "n_permutations": 1000,
  "n_trials": 5,
  "warmup": 200,
  "actual_mean_delta_f1": 0.033168216130695205,
  "actual_per_trial": [
    0.032335323650963366,
    0.03271257322724619,
    0.03208780876574591,
    0.025540983112829263,
    0.0431643918966913
  ],
  "null_mean": -0.003458171993053623,
  "null_std": 0.0015666176741017204,
  "null_percentile_95": -0.0008977630843681382,
  "null_percentile_99": 0.00032782533499908437,
  "null_max": 0.001845238216769207,
  "null_min": -0.009227807477831963,
  "permutation_p_value": 0.0
}