{
  "evaluated_at": "2026-04-20T10:17:06.349583+00:00",
  "data_manifest_hash": "sha256:598485d68e399ba3ecae7e45bef0450013235e233e4958e9e98977d44a90368d",
  "n_trials": 50,
  "variants": {
    "V1_weight_only": {
      "d": 9.541722428619535,
      "p": 8.688836841778864e-50,
      "ci_low": 0.027130933794763997,
      "ci_high": 0.02875780212064631,
      "mean_fixed": 0.8313074476899467,
      "mean_adapt": 0.8592572360454205,
      "delta_f1": 0.027949788355473792,
      "per_trial_f1_fixed": [
        0.826767264052815,
        0.8309218065958268,
        0.8338395692510288,
        0.8319331442845871,
        0.8232494971654685,
        0.8356664295031424,
        0.8314309865035773,
        0.8329531845583941,
        0.8304798327477274,
        0.8412418298702113,
        0.8312835009611181,
        0.8286230440126601,
        0.8283401205089893,
        0.8296010765254026,
        0.8325949522224708,
        0.8342441474089699,
        0.8260985825183009,
        0.8300367343825239,
        0.8243068231483148,
        0.829388452516389,
        0.8342430376889389,
        0.8280005253307943,
        0.8335880917233917,
        0.8341982347676373,
        0.8321257152092731,
        0.8257731446914738,
        0.8382200431688644,
        0.8317060163748183,
        0.8368788752341891,
        0.829991984092925,
        0.8278658019409916,
        0.8306061685762306,
        0.8325594806193987,
        0.8268675670470412,
        0.8319129560140791,
        0.8325758545640762,
        0.8314820850143498,
        0.8300152201580446,
        0.8319298322467619,
        0.8287513625112499,
        0.8351395770750609,
        0.827127924073228,
        0.8366071244287552,
        0.8289284417519402,
        0.8374969112443642,
        0.831656705422442,
        0.8323530069234985,
        0.8350925294609742,
        0.8285454980347465,
        0.8301316903698741
      ],
      "per_trial_f1_adapt": [
        0.8540864047939019,
        0.860916262616095,
        0.8628563227302026,
        0.8532093653114834,
        0.8592201426922697,
        0.862147751887594,
        0.8612208523655666,
        0.863565180707147,
        0.8582621847906042,
        0.8679110972184794,
        0.85801068986029,
        0.8535703474869656,
        0.8581529500714066,
        0.8595807878883495,
        0.860236132770918,
        0.8570509413644574,
        0.8546484009176107,
        0.8613760084829725,
        0.8583887570456936,
        0.8567474868160844,
        0.8622575622583407,
        0.8555507899449761,
        0.8568583746361786,
        0.8646749025706808,
        0.8574799165164662,
        0.8550609551828003,
        0.8595013246514677,
        0.863430066918439,
        0.8601656626344882,
        0.8603713247967408,
        0.8562131464908074,
        0.8570496156006421,
        0.8596405953608879,
        0.8558161367740154,
        0.8624635438405999,
        0.8606224904193651,
        0.8630723086894359,
        0.8569128683330994,
        0.8596139992763121,
        0.8595086425745495,
        0.8661400801775343,
        0.8562933796355978,
        0.8648755751832091,
        0.8558652584708963,
        0.8637182698321841,
        0.856732608074866,
        0.8608790040595911,
        0.858729653149656,
        0.8567559057759693,
        0.8554497726231327
      ]
    },
    "V2_gate_only": {
      "d": 5.946795589786627,
      "p": 6.666149290906773e-40,
      "ci_low": 0.021158380708629295,
      "ci_high": 0.02324164428618772,
      "mean_fixed": 0.8313074476899467,
      "mean_adapt": 0.8535103536579505,
      "delta_f1": 0.022202905968003783,
      "per_trial_f1_fixed": [
        0.826767264052815,
        0.8309218065958268,
        0.8338395692510288,
        0.8319331442845871,
        0.8232494971654685,
        0.8356664295031424,
        0.8314309865035773,
        0.8329531845583941,
        0.8304798327477274,
        0.8412418298702113,
        0.8312835009611181,
        0.8286230440126601,
        0.8283401205089893,
        0.8296010765254026,
        0.8325949522224708,
        0.8342441474089699,
        0.8260985825183009,
        0.8300367343825239,
        0.8243068231483148,
        0.829388452516389,
        0.8342430376889389,
        0.8280005253307943,
        0.8335880917233917,
        0.8341982347676373,
        0.8321257152092731,
        0.8257731446914738,
        0.8382200431688644,
        0.8317060163748183,
        0.8368788752341891,
        0.829991984092925,
        0.8278658019409916,
        0.8306061685762306,
        0.8325594806193987,
        0.8268675670470412,
        0.8319129560140791,
        0.8325758545640762,
        0.8314820850143498,
        0.8300152201580446,
        0.8319298322467619,
        0.8287513625112499,
        0.8351395770750609,
        0.827127924073228,
        0.8366071244287552,
        0.8289284417519402,
        0.8374969112443642,
        0.831656705422442,
        0.8323530069234985,
        0.8350925294609742,
        0.8285454980347465,
        0.8301316903698741
      ],
      "per_trial_f1_adapt": [
        0.8477195632252437,
        0.8569924973736388,
        0.8551181317763553,
        0.8500514034928155,
        0.8563117978523584,
        0.8532828291800276,
        0.8546021341986605,
        0.8564694461731694,
        0.8547263098003386,
        0.8614761177225903,
        0.8509762561101298,
        0.8511654261662693,
        0.8534123189912007,
        0.8536145179417336,
        0.8562156039196769,
        0.8525513709618097,
        0.850032286958152,
        0.8546212426809441,
        0.8478903285612504,
        0.8539338562081669,
        0.8576500866646704,
        0.8482023208398495,
        0.8451256304074697,
        0.8617890943161334,
        0.8506049986064536,
        0.8519121402342519,
        0.8555973717762806,
        0.8564947534219673,
        0.8537323953758953,
        0.8508641453884188,
        0.852535791320074,
        0.8466436482103938,
        0.858061257738677,
        0.854357820588758,
        0.8594892245681747,
        0.8543743964730953,
        0.8594730066644143,
        0.8518162507169631,
        0.8508177588784616,
        0.852858378307557,
        0.8570955181040425,
        0.8489797742644346,
        0.8568200172892344,
        0.8535779279926012,
        0.860145916230457,
        0.8490224113867109,
        0.852796371824975,
        0.8538471649051976,
        0.8512005439621658,
        0.8484681271452132
      ]
    },
    "V3_both_gt": {
      "d": 7.284825924026508,
      "p": 3.993436568865671e-44,
      "ci_low": 0.024210087778869138,
      "ci_high": 0.02609553639024547,
      "mean_fixed": 0.8313074476899467,
      "mean_adapt": 0.8564746742704878,
      "delta_f1": 0.025167226580541158,