{
  "detection_rate": 0.9815066168985409,
  "mean_iou": 0.8756226430763778,
  "images_per_sec": 123.90352748027588,
  "results": {
    "original": {
      "top1": 0.8731446323783224,
      "top5": 0.9768726268553676,
      "f1": 0.8730155321492663
    },
    "yolo_crop": {
      "top1": 0.8579565067311011,
      "top5": 0.9696237487055575,
      "f1": 0.8575078522047699
    },
    "gt_crop": {
      "top1": 0.8615809458060062,
      "top5": 0.9725578184328616,
      "f1": 0.8616202329886703
    }
  },
  "phase1_baseline_reported": 0.8773
}