{
  "dino_only": {
    "LogReg": {
      "top1_acc": 0.8772868484639282,
      "top5_acc": 0.9772178115291681,
      "macro_f1": 0.8769965065310097,
      "time_sec": 1.3743996620178223
    },
    "MLP": {
      "top1_acc": 0.8712461166724197,
      "top5_acc": 0.97859855022437,
      "macro_f1": 0.870285267986424,
      "time_sec": 19.787315130233765
    }
  },
  "dino_color": {
    "LogReg": {
      "top1_acc": 0.872109078356921,
      "top5_acc": 0.9770452191922678,
      "macro_f1": 0.8724384324708234,
      "time_sec": 1.2424449920654297
    },
    "MLP": {
      "top1_acc": 0.8695201933034173,
      "top5_acc": 0.9677252329996548,
      "macro_f1": 0.8680341566501036,
      "time_sec": 35.58693218231201
    }
  },
  "dino_shape": {
    "LogReg": {
      "top1_acc": 0.8753883327580255,
      "top5_acc": 0.9761822575077667,
      "macro_f1": 0.8753823883198748,
      "time_sec": 1.6839535236358643
    },
    "MLP": {
      "top1_acc": 0.8679668622713151,
      "top5_acc": 0.979979288919572,
      "macro_f1": 0.8663873292243133,
      "time_sec": 19.562202215194702
    }
  },
  "dino_color_shape": {
    "LogReg": {
      "top1_acc": 0.8702105626510183,
      "top5_acc": 0.9767000345184674,
      "macro_f1": 0.8706867946244486,
      "time_sec": 2.4595870971679688
    },
    "MLP": {
      "top1_acc": 0.8677942699344149,
      "top5_acc": 0.9642733862616499,
      "macro_f1": 0.8667018028996665,
      "time_sec": 35.55408215522766
    }
  },
  "color_shape": {
    "LogReg": {
      "top1_acc": 0.0381429064549534,
      "top5_acc": 0.14618570935450467,
      "macro_f1": 0.03565735423803785,
      "time_sec": 0.8746345043182373
    },
    "MLP": {
      "top1_acc": 0.04263030721435968,
      "top5_acc": 0.1413531239212979,
      "macro_f1": 0.034489220045130914,
      "time_sec": 19.275243520736694
    }
  }
}