{
  "n_train": 151,
  "n_test": 27,
  "n_classes": 13,
  "results": {
    "visual_only": {
      "accuracy": 0.9629629629629629,
      "macro_f1": 0.958974358974359,
      "predictions": [
        0,
        10,
        1,
        3,
        9,
        0,
        12,
        3,
        4,
        9,
        10,
        6,
        2,
        10,
        4,
        7,
        7,
        11,
        11,
        12,
        4,
        2,
        8,
        1,
        2,
        5,
        5
      ]
    },
    "audio_only": {
      "accuracy": 0.25925925925925924,
      "macro_f1": 0.21025641025641026,
      "predictions": [
        1,
        9,
        1,
        3,
        9,
        6,
        8,
        0,
        6,
        9,
        6,
        7,
        8,
        11,
        10,
        7,
        8,
        9,
        5,
        9,
        4,
        10,
        1,
        1,
        8,
        9,
        7
      ]
    },
    "combined": {
      "accuracy": 0.9629629629629629,
      "macro_f1": 0.958974358974359,
      "predictions": [
        0,
        10,
        1,
        3,
        9,
        0,
        12,
        3,
        4,
        9,
        10,
        6,
        2,
        10,
        4,
        7,
        7,
        11,
        11,
        12,
        4,
        2,
        8,
        1,
        2,
        5,
        5
      ]
    },
    "visual_zero_audio": {
      "accuracy": 0.9629629629629629,
      "macro_f1": 0.958974358974359,
      "predictions": [
        0,
        10,
        1,
        3,
        9,
        0,
        12,
        3,
        4,
        9,
        10,
        6,
        2,
        10,
        4,
        7,
        7,
        11,
        11,
        12,
        4,
        2,
        8,
        1,
        2,
        5,
        5
      ]
    }
  }
}